{
  "rewrites": [
    {
      "source": "/(.*)",
      "destination": "/"
    }
  ],
  "headers": [
    {
      "source": "/(.*)",
      "headers": [
        {
          "key": "Content-Security-Policy",
          "value": "default-src 'self'; base-uri 'self'; object-src 'none'; frame-src 'self' https://www.youtube.com https://www.youtube-nocookie.com; child-src 'self' https://www.youtube.com https://www.youtube-nocookie.com; img-src 'self' data: https:; media-src 'self' https:; style-src 'self' 'unsafe-inline'; script-src 'self' 'unsafe-inline' 'unsafe-eval' https:; connect-src 'self' https:; upgrade-insecure-requests"
        }
      ]
    }
  ]
}